"low risk 0-4","low risk 5-24","low risk 25-49","low risk 50-64","low risk 65+"
0.9196196, 0.853735299266, 0.78545479205, 0.662947135746, 0.470356207218
